{
  "best_model_name": "XGBoost_Tuned",
  "test_auc": 0.5974591651542649,
  "cv_auc_mean": 0.8499784529196293,
  "cv_auc_std": 0.06051719145687891,
  "target_threshold": 1.5,
  "n_features": 86,
  "n_samples": 1035,
  "improvement_over_baseline": 0.04075916515426492,
  "ensemble_weights": null
}